date,equity
2026-04-06,670.0
2026-04-07,668.86
2026-04-08,660.92
2026-04-09,659.05
2026-04-10,654.77
2026-04-13,664.95
2026-04-14,665.4
2026-04-15,675.46
2026-04-16,668.65
2026-04-17,669.82
2026-04-20,683.61
2026-04-21,675.37
2026-04-22,690.44
2026-04-23,680.42
2026-04-24,679.39
2026-04-27,684.03
2026-04-28,691.65
2026-04-29,692.09
2026-04-30,701.98
2026-05-01,722.83
2026-05-04,723.3
2026-05-05,729.88
2026-05-06,727.96
2026-05-07,712.92
2026-05-08,721.12
2026-05-11,723.74
2026-05-12,721.88
2026-05-13,720.09
2026-05-14,732.64
2026-05-15,715.94
2026-05-18,718.78
2026-05-19,713.91
2026-05-20,726.51
2026-05-21,724.21
2026-05-22,732.44
2026-05-26,732.96
2026-05-27,736.61
2026-05-28,753.2
2026-05-29,749.84
2026-06-01,758.23
2026-06-02,751.28
2026-06-03,741.05
2026-06-04,756.21
2026-06-05,746.42
2026-06-08,751.91
2026-06-09,762.86
2026-06-10,755.19
2026-06-11,760.31
2026-06-12,769.82
2026-06-15,784.2
2026-06-16,783.31
2026-06-17,776.89
2026-06-18,781.0
2026-06-22,768.5
2026-06-23,775.48
2026-06-24,800.12
2026-06-25,797.72
2026-06-26,830.46
2026-06-29,824.8
2026-06-30,820.0
2026-07-01,848.85
2026-07-02,870.59
2026-07-06,883.26
2026-07-07,885.16
2026-07-08,869.86
2026-07-09,856.16
2026-07-10,861.24
2026-07-13,867.83
2026-07-14,864.64
2026-07-15,861.66
2026-07-16,855.3
2026-07-17,851.88
2026-07-20,836.55
2026-07-21,839.3
2026-07-22,834.59
2026-07-23,834.87
2026-07-24,836.52
2026-07-27,851.63
2026-07-28,851.28
2026-07-29,840.11
2026-07-30,843.29
2026-07-31,835.98
2026-08-03,854.46
2026-08-04,877.33
2026-08-05,888.9
2026-08-06,891.7
2026-08-07,901.39
2026-08-10,897.47
2026-08-11,900.43
2026-08-12,901.82
2026-08-13,907.59
2026-08-14,917.0
2026-08-17,914.0
2026-08-18,905.69
2026-08-19,910.71
2026-08-20,889.86
2026-08-21,898.2
2026-08-24,893.38
2026-08-25,904.42
2026-08-26,895.45
2026-08-27,907.76
2026-08-28,887.72
2026-08-31,882.3
2026-09-01,882.88
2026-09-02,909.5
2026-09-03,912.31
2026-09-04,918.36
2026-09-08,913.35
2026-09-09,889.94
2026-09-10,880.85
2026-09-11,881.52
2026-09-14,882.81
2026-09-15,869.97
2026-09-16,859.99
2026-09-17,861.65
2026-09-18,869.56
2026-09-21,884.62
2026-09-22,891.71
2026-09-23,859.15
2026-09-24,850.61
2026-09-25,835.46
2026-09-28,832.09
2026-09-29,827.53
2026-09-30,828.52
